<?xml version="1.0" encoding="UTF-8"?>
<GenRun Id="synth_1" LaunchPart="xc7a35tcpg236-1" LaunchTime="1678441640">
  <File Type="PA-TCL" Name="SDLX.tcl"/>
  <File Type="RDS-PROPCONSTRS" Name="SDLX_drc_synth.rpt"/>
  <File Type="REPORTS-TCL" Name="SDLX_reports.tcl"/>
  <File Type="RDS-RDS" Name="SDLX.vds"/>
  <File Type="RDS-UTIL" Name="SDLX_utilization_synth.rpt"/>
  <File Type="RDS-UTIL-PB" Name="SDLX_utilization_synth.pb"/>
  <File Type="RDS-DCP" Name="SDLX.dcp"/>
  <File Type="VDS-TIMINGSUMMARY" Name="SDLX_timing_summary_synth.rpt"/>
  <File Type="VDS-TIMING-PB" Name="SDLX_timing_summary_synth.pb"/>
  <FileSet Name="sources" Type="DesignSrcs" RelSrcDir="$PSRCDIR/sources_1">
    <Filter Type="Srcs"/>
    <File Path="$PSRCDIR/sources_1/new/ALU.v">
      <FileInfo>
        <Attr Name="ImportPath" Val="$PPRDIR/../reg/reg.srcs/sources_1/new/ALU.v"/>
        <Attr Name="ImportTime" Val="1675140789"/>
        <Attr Name="UsedIn" Val="synthesis"/>
        <Attr Name="UsedIn" Val="implementation"/>
        <Attr Name="UsedIn" Val="simulation"/>
      </FileInfo>
    </File>
    <File Path="$PSRCDIR/sources_1/new/IR.v">
      <FileInfo>
        <Attr Name="ImportPath" Val="$PPRDIR/../reg/reg.srcs/sources_1/new/IR.v"/>
        <Attr Name="ImportTime" Val="1675174328"/>
        <Attr Name="UsedIn" Val="synthesis"/>
        <Attr Name="UsedIn" Val="implementation"/>
        <Attr Name="UsedIn" Val="simulation"/>
      </FileInfo>
    </File>
    <File Path="$PSRCDIR/sources_1/new/PC.v">
      <FileInfo>
        <Attr Name="ImportPath" Val="$PPRDIR/../ass1/ass1.srcs/sources_1/new/PC.v"/>
        <Attr Name="ImportTime" Val="1678389333"/>
        <Attr Name="UsedIn" Val="synthesis"/>
        <Attr Name="UsedIn" Val="implementation"/>
        <Attr Name="UsedIn" Val="simulation"/>
      </FileInfo>
    </File>
    <File Path="$PSRCDIR/sources_1/new/RDY.v">
      <FileInfo>
        <Attr Name="ImportPath" Val="$PPRDIR/../ass1/ass1.srcs/sources_1/new/RDY.v"/>
        <Attr Name="ImportTime" Val="1678387563"/>
        <Attr Name="UsedIn" Val="synthesis"/>
        <Attr Name="UsedIn" Val="implementation"/>
        <Attr Name="UsedIn" Val="simulation"/>
      </FileInfo>
    </File>
    <File Path="$PSRCDIR/sources_1/new/RI.v">
      <FileInfo>
        <Attr Name="ImportPath" Val="$PPRDIR/../ass1/ass1.srcs/sources_1/new/RI.v"/>
        <Attr Name="ImportTime" Val="1678389698"/>
        <Attr Name="UsedIn" Val="synthesis"/>
        <Attr Name="UsedIn" Val="implementation"/>
        <Attr Name="UsedIn" Val="simulation"/>
      </FileInfo>
    </File>
    <File Path="$PSRCDIR/sources_1/new/Reg_file.v">
      <FileInfo>
        <Attr Name="ImportPath" Val="$PPRDIR/../reg/reg.srcs/sources_1/new/Reg_file.v"/>
        <Attr Name="ImportTime" Val="1675158873"/>
        <Attr Name="UsedIn" Val="synthesis"/>
        <Attr Name="UsedIn" Val="implementation"/>
        <Attr Name="UsedIn" Val="simulation"/>
      </FileInfo>
    </File>
    <File Path="$PSRCDIR/sources_1/new/SDLX.v">
      <FileInfo>
        <Attr Name="ImportPath" Val="$PPRDIR/../ass1/ass1.srcs/sources_1/new/SDLX.v"/>
        <Attr Name="ImportTime" Val="1677955047"/>
        <Attr Name="UsedIn" Val="synthesis"/>
        <Attr Name="UsedIn" Val="implementation"/>
        <Attr Name="UsedIn" Val="simulation"/>
      </FileInfo>
    </File>
    <File Path="$PSRCDIR/sources_1/new/MUX32.v">
      <FileInfo>
        <Attr Name="AutoDisabled" Val="1"/>
        <Attr Name="ImportPath" Val="$PPRDIR/../ass1/ass1.srcs/sources_1/new/MUX32.v"/>
        <Attr Name="ImportTime" Val="1677772327"/>
        <Attr Name="UsedIn" Val="synthesis"/>
        <Attr Name="UsedIn" Val="implementation"/>
        <Attr Name="UsedIn" Val="simulation"/>
      </FileInfo>
    </File>
    <File Path="$PSRCDIR/sources_1/new/MUX5.v">
      <FileInfo>
        <Attr Name="AutoDisabled" Val="1"/>
        <Attr Name="ImportPath" Val="$PPRDIR/../ass1/ass1.srcs/sources_1/new/MUX5.v"/>
        <Attr Name="ImportTime" Val="1677772242"/>
        <Attr Name="UsedIn" Val="synthesis"/>
        <Attr Name="UsedIn" Val="implementation"/>
        <Attr Name="UsedIn" Val="simulation"/>
      </FileInfo>
    </File>
    <File Path="$PSRCDIR/sources_1/new/MUX6.v">
      <FileInfo>
        <Attr Name="AutoDisabled" Val="1"/>
        <Attr Name="ImportPath" Val="$PPRDIR/../ass1/ass1.srcs/sources_1/new/MUX6.v"/>
        <Attr Name="ImportTime" Val="1677774772"/>
        <Attr Name="UsedIn" Val="synthesis"/>
        <Attr Name="UsedIn" Val="implementation"/>
        <Attr Name="UsedIn" Val="simulation"/>
      </FileInfo>
    </File>
    <File Path="$PSRCDIR/sources_1/new/proccesor.v">
      <FileInfo>
        <Attr Name="AutoDisabled" Val="1"/>
        <Attr Name="ImportPath" Val="$PPRDIR/../reg/reg.srcs/sources_1/new/proccesor.v"/>
        <Attr Name="ImportTime" Val="1675138309"/>
        <Attr Name="UsedIn" Val="synthesis"/>
        <Attr Name="UsedIn" Val="implementation"/>
        <Attr Name="UsedIn" Val="simulation"/>
      </FileInfo>
    </File>
    <Config>
      <Option Name="DesignMode" Val="RTL"/>
      <Option Name="TopModule" Val="SDLX"/>
      <Option Name="TopAutoSet" Val="TRUE"/>
    </Config>
  </FileSet>
  <FileSet Name="constrs_in" Type="Constrs" RelSrcDir="$PSRCDIR/constrs_1">
    <Filter Type="Constrs"/>
    <File Path="$PSRCDIR/constrs_1/new/iopin.xdc">
      <FileInfo>
        <Attr Name="ImportPath" Val="$PPRDIR/../reg/reg.srcs/constrs_1/new/iopin.xdc"/>
        <Attr Name="ImportTime" Val="1675101323"/>
        <Attr Name="UsedIn" Val="synthesis"/>
        <Attr Name="UsedIn" Val="implementation"/>
      </FileInfo>
    </File>
    <Config>
      <Option Name="TargetConstrsFile" Val="$PSRCDIR/constrs_1/new/iopin.xdc"/>
      <Option Name="ConstrsType" Val="XDC"/>
    </Config>
  </FileSet>
  <FileSet Name="utils" Type="Utils" RelSrcDir="$PSRCDIR/utils_1">
    <Filter Type="Utils"/>
    <Config>
      <Option Name="TopAutoSet" Val="TRUE"/>
    </Config>
  </FileSet>
  <Strategy Version="1" Minor="2">
    <StratHandle Name="Vivado Synthesis Defaults" Flow="Vivado Synthesis 2019"/>
    <Step Id="synth_design"/>
  </Strategy>
</GenRun>
