<?xml version="1.0" encoding="UTF-8"?>
<GenRun Id="impl_1" LaunchPart="xc7a35tcpg236-1" LaunchTime="1678441640">
  <File Type="BITSTR-BMM" Name="SDLX_bd.bmm"/>
  <File Type="OPT-METHODOLOGY-DRC" Name="SDLX_methodology_drc_opted.rpt"/>
  <File Type="INIT-TIMING" Name="SDLX_timing_summary_init.rpt"/>
  <File Type="ROUTE-PWR" Name="SDLX_power_routed.rpt"/>
  <File Type="PA-TCL" Name="SDLX.tcl"/>
  <File Type="OPT-TIMING" Name="SDLX_timing_summary_opted.rpt"/>
  <File Type="OPT-DCP" Name="SDLX_opt.dcp"/>
  <File Type="ROUTE-PWR-SUM" Name="SDLX_power_summary_routed.pb"/>
  <File Type="REPORTS-TCL" Name="SDLX_reports.tcl"/>
  <File Type="OPT-DRC" Name="SDLX_drc_opted.rpt"/>
  <File Type="OPT-HWDEF" Name="SDLX.hwdef"/>
  <File Type="PWROPT-DCP" Name="SDLX_pwropt.dcp"/>
  <File Type="PWROPT-DRC" Name="SDLX_drc_pwropted.rpt"/>
  <File Type="PWROPT-TIMING" Name="SDLX_timing_summary_pwropted.rpt"/>
  <File Type="PLACE-DCP" Name="SDLX_placed.dcp"/>
  <File Type="PLACE-IO" Name="SDLX_io_placed.rpt"/>
  <File Type="PLACE-CLK" Name="SDLX_clock_utilization_placed.rpt"/>
  <File Type="PLACE-UTIL" Name="SDLX_utilization_placed.rpt"/>
  <File Type="PLACE-UTIL-PB" Name="SDLX_utilization_placed.pb"/>
  <File Type="PLACE-CTRL" Name="SDLX_control_sets_placed.rpt"/>
  <File Type="PLACE-SIMILARITY" Name="SDLX_incremental_reuse_placed.rpt"/>
  <File Type="PLACE-PRE-SIMILARITY" Name="SDLX_incremental_reuse_pre_placed.rpt"/>
  <File Type="PLACE-TIMING" Name="SDLX_timing_summary_placed.rpt"/>
  <File Type="POSTPLACE-PWROPT-DCP" Name="SDLX_postplace_pwropt.dcp"/>
  <File Type="BG-BIN" Name="SDLX.bin"/>
  <File Type="POSTPLACE-PWROPT-TIMING" Name="SDLX_timing_summary_postplace_pwropted.rpt"/>
  <File Type="PHYSOPT-DCP" Name="SDLX_physopt.dcp"/>
  <File Type="PHYSOPT-DRC" Name="SDLX_drc_physopted.rpt"/>
  <File Type="BITSTR-MSK" Name="SDLX.msk"/>
  <File Type="PHYSOPT-TIMING" Name="SDLX_timing_summary_physopted.rpt"/>
  <File Type="ROUTE-ERROR-DCP" Name="SDLX_routed_error.dcp"/>
  <File Type="ROUTE-DCP" Name="SDLX_routed.dcp"/>
  <File Type="ROUTE-BLACKBOX-DCP" Name="SDLX_routed_bb.dcp"/>
  <File Type="ROUTE-DRC" Name="SDLX_drc_routed.rpt"/>
  <File Type="ROUTE-DRC-PB" Name="SDLX_drc_routed.pb"/>
  <File Type="ROUTE-DRC-RPX" Name="SDLX_drc_routed.rpx"/>
  <File Type="BITSTR-MMI" Name="SDLX.mmi"/>
  <File Type="ROUTE-METHODOLOGY-DRC" Name="SDLX_methodology_drc_routed.rpt"/>
  <File Type="ROUTE-METHODOLOGY-DRC-RPX" Name="SDLX_methodology_drc_routed.rpx"/>
  <File Type="ROUTE-METHODOLOGY-DRC-PB" Name="SDLX_methodology_drc_routed.pb"/>
  <File Type="ROUTE-PWR-RPX" Name="SDLX_power_routed.rpx"/>
  <File Type="ROUTE-STATUS" Name="SDLX_route_status.rpt"/>
  <File Type="ROUTE-STATUS-PB" Name="SDLX_route_status.pb"/>
  <File Type="ROUTE-TIMINGSUMMARY" Name="SDLX_timing_summary_routed.rpt"/>
  <File Type="ROUTE-TIMING-PB" Name="SDLX_timing_summary_routed.pb"/>
  <File Type="ROUTE-TIMING-RPX" Name="SDLX_timing_summary_routed.rpx"/>
  <File Type="ROUTE-SIMILARITY" Name="SDLX_incremental_reuse_routed.rpt"/>
  <File Type="ROUTE-CLK" Name="SDLX_clock_utilization_routed.rpt"/>
  <File Type="ROUTE-BUS-SKEW" Name="SDLX_bus_skew_routed.rpt"/>
  <File Type="ROUTE-BUS-SKEW-PB" Name="SDLX_bus_skew_routed.pb"/>
  <File Type="ROUTE-BUS-SKEW-RPX" Name="SDLX_bus_skew_routed.rpx"/>
  <File Type="POSTROUTE-PHYSOPT-DCP" Name="SDLX_postroute_physopt.dcp"/>
  <File Type="POSTROUTE-PHYSOPT-BLACKBOX-DCP" Name="SDLX_postroute_physopt_bb.dcp"/>
  <File Type="POSTROUTE-PHYSOPT-TIMING" Name="SDLX_timing_summary_postroute_physopted.rpt"/>
  <File Type="POSTROUTE-PHYSOPT-TIMING-PB" Name="SDLX_timing_summary_postroute_physopted.pb"/>
  <File Type="POSTROUTE-PHYSOPT-TIMING-RPX" Name="SDLX_timing_summary_postroute_physopted.rpx"/>
  <File Type="POSTROUTE-PHYSOPT-BUS-SKEW" Name="SDLX_bus_skew_postroute_physopted.rpt"/>
  <File Type="POSTROUTE-PHYSOPT-BUS-SKEW-PB" Name="SDLX_bus_skew_postroute_physopted.pb"/>
  <File Type="BG-BIT" Name="SDLX.bit"/>
  <File Type="POSTROUTE-PHYSOPT-BUS-SKEW-RPX" Name="SDLX_bus_skew_postroute_physopted.rpx"/>
  <File Type="BITSTR-RBT" Name="SDLX.rbt"/>
  <File Type="BITSTR-NKY" Name="SDLX.nky"/>
  <File Type="PDI-FILE" Name="SDLX.pdi"/>
  <File Type="RCFI_FILE" Name="SDLX.rcfi"/>
  <File Type="CFI_FILE" Name="SDLX.cfi"/>
  <File Type="RNPI_FILE" Name="SDLX.rnpi"/>
  <File Type="NPI_FILE" Name="SDLX.npi"/>
  <File Type="RBD_FILE" Name="SDLX.rbd"/>
  <File Type="BITSTR-LTX" Name="debug_nets.ltx"/>
  <File Type="BITSTR-LTX" Name="SDLX.ltx"/>
  <File Type="BITSTR-SYSDEF" Name="SDLX.sysdef"/>
  <File Type="BG-BGN" Name="SDLX.bgn"/>
  <File Type="BG-DRC" Name="SDLX.drc"/>
  <File Type="RDI-RDI" Name="SDLX.vdi"/>
  <File Type="WBT-USG" Name="usage_statistics_webtalk.html"/>
  <FileSet Name="sources" Type="DesignSrcs" RelSrcDir="$PSRCDIR/sources_1">
    <Filter Type="Srcs"/>
    <File Path="$PSRCDIR/sources_1/new/ALU.v">
      <FileInfo>
        <Attr Name="ImportPath" Val="$PPRDIR/../reg/reg.srcs/sources_1/new/ALU.v"/>
        <Attr Name="ImportTime" Val="1675140789"/>
        <Attr Name="UsedIn" Val="synthesis"/>
        <Attr Name="UsedIn" Val="implementation"/>
        <Attr Name="UsedIn" Val="simulation"/>
      </FileInfo>
    </File>
    <File Path="$PSRCDIR/sources_1/new/IR.v">
      <FileInfo>
        <Attr Name="ImportPath" Val="$PPRDIR/../reg/reg.srcs/sources_1/new/IR.v"/>
        <Attr Name="ImportTime" Val="1675174328"/>
        <Attr Name="UsedIn" Val="synthesis"/>
        <Attr Name="UsedIn" Val="implementation"/>
        <Attr Name="UsedIn" Val="simulation"/>
      </FileInfo>
    </File>
    <File Path="$PSRCDIR/sources_1/new/PC.v">
      <FileInfo>
        <Attr Name="ImportPath" Val="$PPRDIR/../ass1/ass1.srcs/sources_1/new/PC.v"/>
        <Attr Name="ImportTime" Val="1678389333"/>
        <Attr Name="UsedIn" Val="synthesis"/>
        <Attr Name="UsedIn" Val="implementation"/>
        <Attr Name="UsedIn" Val="simulation"/>
      </FileInfo>
    </File>
    <File Path="$PSRCDIR/sources_1/new/RDY.v">
      <FileInfo>
        <Attr Name="ImportPath" Val="$PPRDIR/../ass1/ass1.srcs/sources_1/new/RDY.v"/>
        <Attr Name="ImportTime" Val="1678387563"/>
        <Attr Name="UsedIn" Val="synthesis"/>
        <Attr Name="UsedIn" Val="implementation"/>
        <Attr Name="UsedIn" Val="simulation"/>
      </FileInfo>
    </File>
    <File Path="$PSRCDIR/sources_1/new/RI.v">
      <FileInfo>
        <Attr Name="ImportPath" Val="$PPRDIR/../ass1/ass1.srcs/sources_1/new/RI.v"/>
        <Attr Name="ImportTime" Val="1678389698"/>
        <Attr Name="UsedIn" Val="synthesis"/>
        <Attr Name="UsedIn" Val="implementation"/>
        <Attr Name="UsedIn" Val="simulation"/>
      </FileInfo>
    </File>
    <File Path="$PSRCDIR/sources_1/new/Reg_file.v">
      <FileInfo>
        <Attr Name="ImportPath" Val="$PPRDIR/../reg/reg.srcs/sources_1/new/Reg_file.v"/>
        <Attr Name="ImportTime" Val="1675158873"/>
        <Attr Name="UsedIn" Val="synthesis"/>
        <Attr Name="UsedIn" Val="implementation"/>
        <Attr Name="UsedIn" Val="simulation"/>
      </FileInfo>
    </File>
    <File Path="$PSRCDIR/sources_1/new/SDLX.v">
      <FileInfo>
        <Attr Name="ImportPath" Val="$PPRDIR/../ass1/ass1.srcs/sources_1/new/SDLX.v"/>
        <Attr Name="ImportTime" Val="1677955047"/>
        <Attr Name="UsedIn" Val="synthesis"/>
        <Attr Name="UsedIn" Val="implementation"/>
        <Attr Name="UsedIn" Val="simulation"/>
      </FileInfo>
    </File>
    <File Path="$PSRCDIR/sources_1/new/MUX32.v">
      <FileInfo>
        <Attr Name="AutoDisabled" Val="1"/>
        <Attr Name="ImportPath" Val="$PPRDIR/../ass1/ass1.srcs/sources_1/new/MUX32.v"/>
        <Attr Name="ImportTime" Val="1677772327"/>
        <Attr Name="UsedIn" Val="synthesis"/>
        <Attr Name="UsedIn" Val="implementation"/>
        <Attr Name="UsedIn" Val="simulation"/>
      </FileInfo>
    </File>
    <File Path="$PSRCDIR/sources_1/new/MUX5.v">
      <FileInfo>
        <Attr Name="AutoDisabled" Val="1"/>
        <Attr Name="ImportPath" Val="$PPRDIR/../ass1/ass1.srcs/sources_1/new/MUX5.v"/>
        <Attr Name="ImportTime" Val="1677772242"/>
        <Attr Name="UsedIn" Val="synthesis"/>
        <Attr Name="UsedIn" Val="implementation"/>
        <Attr Name="UsedIn" Val="simulation"/>
      </FileInfo>
    </File>
    <File Path="$PSRCDIR/sources_1/new/MUX6.v">
      <FileInfo>
        <Attr Name="AutoDisabled" Val="1"/>
        <Attr Name="ImportPath" Val="$PPRDIR/../ass1/ass1.srcs/sources_1/new/MUX6.v"/>
        <Attr Name="ImportTime" Val="1677774772"/>
        <Attr Name="UsedIn" Val="synthesis"/>
        <Attr Name="UsedIn" Val="implementation"/>
        <Attr Name="UsedIn" Val="simulation"/>
      </FileInfo>
    </File>
    <File Path="$PSRCDIR/sources_1/new/proccesor.v">
      <FileInfo>
        <Attr Name="AutoDisabled" Val="1"/>
        <Attr Name="ImportPath" Val="$PPRDIR/../reg/reg.srcs/sources_1/new/proccesor.v"/>
        <Attr Name="ImportTime" Val="1675138309"/>
        <Attr Name="UsedIn" Val="synthesis"/>
        <Attr Name="UsedIn" Val="implementation"/>
        <Attr Name="UsedIn" Val="simulation"/>
      </FileInfo>
    </File>
    <Config>
      <Option Name="DesignMode" Val="RTL"/>
      <Option Name="TopModule" Val="SDLX"/>
      <Option Name="TopAutoSet" Val="TRUE"/>
    </Config>
  </FileSet>
  <FileSet Name="constrs_in" Type="Constrs" RelSrcDir="$PSRCDIR/constrs_1">
    <Filter Type="Constrs"/>
    <File Path="$PSRCDIR/constrs_1/new/iopin.xdc">
      <FileInfo>
        <Attr Name="ImportPath" Val="$PPRDIR/../reg/reg.srcs/constrs_1/new/iopin.xdc"/>
        <Attr Name="ImportTime" Val="1675101323"/>
        <Attr Name="UsedIn" Val="synthesis"/>
        <Attr Name="UsedIn" Val="implementation"/>
      </FileInfo>
    </File>
    <Config>
      <Option Name="TargetConstrsFile" Val="$PSRCDIR/constrs_1/new/iopin.xdc"/>
      <Option Name="ConstrsType" Val="XDC"/>
    </Config>
  </FileSet>
  <FileSet Name="utils" Type="Utils" RelSrcDir="$PSRCDIR/utils_1">
    <Filter Type="Utils"/>
    <Config>
      <Option Name="TopAutoSet" Val="TRUE"/>
    </Config>
  </FileSet>
  <Strategy Version="1" Minor="2">
    <StratHandle Name="Vivado Implementation Defaults" Flow="Vivado Implementation 2019"/>
    <Step Id="init_design"/>
    <Step Id="opt_design"/>
    <Step Id="power_opt_design"/>
    <Step Id="place_design"/>
    <Step Id="post_place_power_opt_design"/>
    <Step Id="phys_opt_design" EnableStepBool="1"/>
    <Step Id="route_design"/>
    <Step Id="post_route_phys_opt_design"/>
    <Step Id="write_bitstream"/>
  </Strategy>
</GenRun>
